1.986868126264145e-06,0.0011321836872828519,0.00231536365647315,0.0037180925536156365,2.2848983452037667e-05,0.0004791663631173696,0.0010987380738240722,4.536682221636464e-05,0.0028889062555880664,5.563230753539606e-05,0.0008371337705326264,0.00448171220347649,0.0015030657375188256,0.014067357478637856,1.3908076883849015e-05,0.0012811987967526626,6.622893754213816e-07,0.005783773115554926,0.006372548370304534,0.009158137483326865,0.000744413257973633,0.001412663237773807,0.0007099742104517211,1.655723438553454e-05,0.0017229458101587242,0.00011391377257247764,2.061153622438558e-09,2.061153622438558e-09,2.061153622438558e-09,2.061153622438558e-09,2.061153622438558e-09,2.061153622438558e-09,2.061153622438558e-09,2.061153622438558e-09,2.061153622438558e-09,2.061153622438558e-09,2.061153622438558e-09,2.061153622438558e-09,2.061153622438558e-09,2.061153622438558e-09,2.061153622438558e-09,2.061153622438558e-09,2.061153622438558e-09,2.061153622438558e-09,2.061153622438558e-09,2.061153622438558e-09,2.061153622438558e-09,2.061153622438558e-09,2.061153622438558e-09,2.061153622438558e-09,2.061153622438558e-09,2.061153622438558e-09,0.003953536426577938,0.0003132628745743135,0.00016689692260618818
0.0009020381293239218,7.58321334857482e-05,6.622893754213816e-07,5.298315003371053e-06,0.0035445727372552345,2.061153622438558e-09,2.061153622438558e-09,3.311446877106908e-07,0.00030564654675696763,5.795032034937089e-05,2.061153622438558e-09,0.0011977503354495688,2.2848983452037667e-05,2.9803021893962173e-06,0.0010159519018963993,2.061153622438558e-09,2.061153622438558e-09,0.0006162602638295956,0.00015762487135028883,8.510418474164753e-05,0.0013586866536769643,1.5232655634691777e-05,5.629459691081744e-06,2.061153622438558e-09,0.0008275305745890164,2.061153622438558e-09,2.061153622438558e-09,2.061153622438558e-09,2.061153622438558e-09,2.061153622438558e-09,2.061153622438558e-09,2.061153622438558e-09,2.061153622438558e-09,2.061153622438558e-09,2.061153622438558e-09,2.061153622438558e-09,2.061153622438558e-09,2.061153622438558e-09,2.061153622438558e-09,2.061153622438558e-09,2.061153622438558e-09,2.061153622438558e-09,2.061153622438558e-09,2.061153622438558e-09,2.061153622438558e-09,2.061153622438558e-09,2.061153622438558e-09,2.061153622438558e-09,2.061153622438558e-09,2.061153622438558e-09,2.061153622438558e-09,2.061153622438558e-09,3.675706033588668e-05,1.1258919382163488e-05,5.298315003371053e-06
0.0021630371001262324,2.061153622438558e-09,0.0003473707774085147,2.9803021893962173e-06,0.00433832655369776,2.061153622438558e-09,2.061153622438558e-09,0.003550533341634027,0.0008487238346025005,2.061153622438558e-09,0.0008689236605528527,0.0006480501538498219,6.622893754213816e-07,2.061153622438558e-09,0.003962477333146126,2.061153622438558e-09,3.874392846215082e-05,0.0006718925713649917,3.178989002022632e-05,0.0013656406921188889,0.000556985364729382,2.061153622438558e-09,2.3180128139748357e-06,2.061153622438558e-09,9.768768287465378e-05,2.061153622438558e-09,2.061153622438558e-09,2.061153622438558e-09,2.061153622438558e-09,2.061153622438558e-09,2.061153622438558e-09,2.061153622438558e-09,2.061153622438558e-09,2.061153622438558e-09,2.061153622438558e-09,2.061153622438558e-09,2.061153622438558e-09,2.061153622438558e-09,2.061153622438558e-09,2.061153622438558e-09,2.061153622438558e-09,2.061153622438558e-09,2.061153622438558e-09,2.061153622438558e-09,2.061153622438558e-09,2.061153622438558e-09,2.061153622438558e-09,2.061153622438558e-09,2.061153622438558e-09,2.061153622438558e-09,2.061153622438558e-09,2.061153622438558e-09,0.0001556380032240247,1.225235344529556e-05,9.272051255899343e-06
0.0007576590454820605,3.97373625252829e-06,3.311446877106908e-06,0.0004318126727747408,0.004348923183704502,2.814729845540872e-05,0.0001440479391541505,1.655723438553454e-05,0.002547827227246055,7.815014629972303e-05,2.2848983452037667e-05,0.0004102882680735459,6.059947785105642e-05,9.37139466221255e-05,0.0015123377887747249,1.3245787508427633e-06,1.4901510946981087e-05,0.0011378131469739336,0.0007374592195317084,1.556380032240247e-05,0.0003155808873882883,0.00010563515537971037,1.4570366259270396e-05,2.061153622438558e-09,0.0003897572974354831,6.622893754213816e-07,2.061153622438558e-09,2.061153622438558e-09,2.061153622438558e-09,2.061153622438558e-09,2.061153622438558e-09,2.061153622438558e-09,2.061153622438558e-09,2.061153622438558e-09,2.061153622438558e-09,2.061153622438558e-09,2.061153622438558e-09,2.061153622438558e-09,2.061153622438558e-09,2.061153622438558e-09,2.061153622438558e-09,2.061153622438558e-09,2.061153622438558e-09,2.061153622438558e-09,2.061153622438558e-09,2.061153622438558e-09,2.061153622438558e-09,2.061153622438558e-09,2.061153622438558e-09,2.061153622438558e-09,2.061153622438558e-09,2.061153622438558e-09,0.020897878952046277,0.001386833952132373,0.0009338280193441481
0.004402899767801345,7.781900161201234e-05,0.00177361094737846,0.009467757766336361,0.0026286265310474636,0.0010467483578534937,0.0007069939082623249,0.00021789320451363455,0.0011434426066650155,2.814729845540872e-05,8.775334224333306e-05,0.003354495686509298,0.0021100539500925218,0.00863724688955795,0.0005331429472142122,0.0011318525425951412,8.344846130309409e-05,0.014326312624427616,0.006489111300378697,0.0024468280974942946,7.91435803628551e-05,0.00168254615825802,0.0010543646856708395,0.001028204255341695,0.0012288779360943736,5.629459691081744e-05,2.061153622438558e-09,4.304880940238981e-06,2.061153622438558e-09,2.061153622438558e-09,2.061153622438558e-09,2.061153622438558e-09,2.061153622438558e-09,2.061153622438558e-09,2.061153622438558e-09,2.061153622438558e-09,2.061153622438558e-09,2.061153622438558e-09,2.061153622438558e-09,2.061153622438558e-09,2.061153622438558e-09,2.061153622438558e-09,2.061153622438558e-09,2.061153622438558e-09,2.061153622438558e-09,2.061153622438558e-09,2.061153622438558e-09,2.061153622438558e-09,2.061153622438558e-09,2.061153622438558e-09,2.061153622438558e-09,2.061153622438558e-09,0.030175228522948988,0.002015677714094975,0.001441472825604637
0.001244441736416776,8.940906568188652e-06,2.061153622438558e-09,2.061153622438558e-09,0.001501741158767983,0.0009384640449720977,2.061153622438558e-09,9.934340631320724e-07,0.0015096886312730394,2.061153622438558e-09,2.3180128139748357e-06,0.00039737362525282897,6.622893754213816e-07,1.655723438553454e-06,0.0025892203132098913,2.061153622438558e-09,2.061153622438558e-09,0.0014275647487207881,4.934055846889293e-05,0.0007112987892025638,0.0006142733957033315,2.061153622438558e-09,8.940906568188652e-06,2.061153622438558e-09,2.814729845540872e-05,2.061153622438558e-09,2.061153622438558e-09,2.061153622438558e-09,2.061153622438558e-09,2.061153622438558e-09,2.061153622438558e-09,2.061153622438558e-09,2.061153622438558e-09,2.061153622438558e-09,2.061153622438558e-09,2.061153622438558e-09,2.061153622438558e-09,2.061153622438558e-09,2.061153622438558e-09,2.061153622438558e-09,2.061153622438558e-09,2.061153622438558e-09,2.061153622438558e-09,2.061153622438558e-09,2.061153622438558e-09,2.061153622438558e-09,2.061153622438558e-09,2.061153622438558e-09,2.061153622438558e-09,2.061153622438558e-09,2.061153622438558e-09,2.061153622438558e-09,0.005643698912653304,0.00016424776510450264,0.0001367627560245153
0.0011007249419503363,3.311446877106908e-07,2.061153622438558e-09,1.3908076883849015e-05,0.0018183154802194033,2.061153622438558e-09,0.0001473593860312574,0.0019709731812540317,0.0008169339445822742,2.061153622438558e-09,2.061153622438558e-09,0.0004838023887453193,5.960604378792435e-06,0.0003066399808200997,0.0008447500983499723,2.061153622438558e-09,2.061153622438558e-09,0.000869585949928274,0.0002854467208066155,5.629459691081744e-05,0.00037750494399018753,2.061153622438558e-09,5.629459691081744e-06,2.061153622438558e-09,3.1458745332515625e-05,3.311446877106908e-07,2.061153622438558e-09,2.061153622438558e-09,2.061153622438558e-09,2.061153622438558e-09,2.061153622438558e-09,2.061153622438558e-09,2.061153622438558e-09,2.061153622438558e-09,2.061153622438558e-09,2.061153622438558e-09,2.061153622438558e-09,2.061153622438558e-09,2.061153622438558e-09,2.061153622438558e-09,2.061153622438558e-09,2.061153622438558e-09,2.061153622438558e-09,2.061153622438558e-09,2.061153622438558e-09,2.061153622438558e-09,2.061153622438558e-09,2.061153622438558e-09,2.061153622438558e-09,2.061153622438558e-09,2.061153622438558e-09,2.061153622438558e-09,0.005880136219678736,0.00048545811218387273,0.00034803306678393605
0.008745200057751633,2.053097063806283e-05,2.053097063806283e-05,1.9868681262641447e-05,0.024089782596889625,2.2517838764326977e-05,3.311446877106908e-07,1.986868126264145e-06,0.008370675415950843,2.061153622438558e-09,3.1458745332515625e-05,4.967170315660362e-05,0.00012153010038982353,3.8412783774440136e-05,0.004397932597485684,1.3245787508427633e-06,2.061153622438558e-09,0.00042386520026968424,5.198971597057846e-05,0.0013881585308832159,0.00050333992532025,1.3245787508427633e-06,1.192120875758487e-05,2.061153622438558e-09,0.0002957122061256469,2.061153622438558e-09,2.061153622438558e-09,2.061153622438558e-09,2.061153622438558e-09,2.061153622438558e-09,2.061153622438558e-09,2.061153622438558e-09,2.061153622438558e-09,2.061153622438558e-09,2.061153622438558e-09,2.061153622438558e-09,2.061153622438558e-09,2.061153622438558e-09,2.061153622438558e-09,2.061153622438558e-09,2.061153622438558e-09,2.061153622438558e-09,2.061153622438558e-09,2.061153622438558e-09,2.061153622438558e-09,2.061153622438558e-09,2.061153622438558e-09,2.061153622438558e-09,2.061153622438558e-09,2.061153622438558e-09,2.061153622438558e-09,2.061153622438558e-09,0.004057515858519095,0.00042088489808028804,0.00018146728886545856
0.0009623064624872675,0.0004182357405786025,0.0028183724371056893,0.0028610901018203687,0.0027935365855273875,0.0011391377257247764,0.0014166369740263353,1.986868126264145e-06,2.061153622438558e-09,2.061153622438558e-09,0.0003967113358774076,0.002580279406641703,0.0032395884798736884,0.015744936466580216,0.0024037792880919045,0.0002755123801752948,8.940906568188652e-06,0.001955409380931629,0.006947746692858004,0.0066805129298754765,4.30488094023898e-05,0.0010821808394385376,1.3245787508427633e-06,8.477304005393685e-05,3.311446877106908e-07,0.0001907393401213579,2.061153622438558e-09,2.061153622438558e-09,2.061153622438558e-09,2.061153622438558e-09,2.061153622438558e-09,2.061153622438558e-09,2.061153622438558e-09,2.061153622438558e-09,2.061153622438558e-09,2.061153622438558e-09,2.061153622438558e-09,2.061153622438558e-09,2.061153622438558e-09,2.061153622438558e-09,2.061153622438558e-09,2.061153622438558e-09,2.061153622438558e-09,2.061153622438558e-09,2.061153622438558e-09,2.061153622438558e-09,2.061153622438558e-09,2.061153622438558e-09,2.061153622438558e-09,2.061153622438558e-09,2.061153622438558e-09,2.061153622438558e-09,0.00015696258197486743,6.0930622538767106e-05,3.1458745332515625e-05
2.5829285641433883e-05,2.061153622438558e-09,2.061153622438558e-09,2.061153622438558e-09,0.0001721952376095592,2.061153622438558e-09,2.061153622438558e-09,2.061153622438558e-09,3.642591564817599e-06,2.061153622438558e-09,2.061153622438558e-09,2.061153622438558e-09,2.061153622438558e-09,2.061153622438558e-09,0.00022517838764326976,2.061153622438558e-09,2.061153622438558e-09,2.061153622438558e-09,2.061153622438558e-09,2.061153622438558e-09,0.00032253492583021287,2.061153622438558e-09,2.061153622438558e-09,2.061153622438558e-09,2.061153622438558e-09,2.061153622438558e-09,2.061153622438558e-09,2.061153622438558e-09,2.061153622438558e-09,2.061153622438558e-09,2.061153622438558e-09,2.061153622438558e-09,2.061153622438558e-09,2.061153622438558e-09,2.061153622438558e-09,2.061153622438558e-09,2.061153622438558e-09,2.061153622438558e-09,2.061153622438558e-09,2.061153622438558e-09,2.061153622438558e-09,2.061153622438558e-09,2.061153622438558e-09,2.061153622438558e-09,2.061153622438558e-09,2.061153622438558e-09,2.061153622438558e-09,2.061153622438558e-09,2.061153622438558e-09,2.061153622438558e-09,2.061153622438558e-09,2.061153622438558e-09,2.061153622438558e-09,2.061153622438558e-09,2.061153622438558e-09
0.0001079531681936852,2.3180128139748357e-06,1.556380032240247e-05,9.934340631320724e-07,0.0018686494727514283,4.304880940238981e-06,3.97373625252829e-06,0.00026789605235794887,0.0010858234310033553,2.061153622438558e-09,2.061153622438558e-09,0.00011027118100766003,9.603195943610034e-06,0.0006791777544946268,5.563230753539606e-05,3.311446877106908e-07,2.061153622438558e-09,8.27861719276727e-06,0.00024736508171988605,1.655723438553454e-06,5.298315003371053e-06,3.97373625252829e-06,2.6822719704565955e-05,2.061153622438558e-09,3.311446877106908e-05,2.061153622438558e-09,2.061153622438558e-09,2.061153622438558e-09,2.061153622438558e-09,2.061153622438558e-09,2.061153622438558e-09,2.061153622438558e-09,2.061153622438558e-09,2.061153622438558e-09,2.061153622438558e-09,2.061153622438558e-09,2.061153622438558e-09,2.061153622438558e-09,2.061153622438558e-09,2.061153622438558e-09,2.061153622438558e-09,2.061153622438558e-09,2.061153622438558e-09,2.061153622438558e-09,2.061153622438558e-09,2.061153622438558e-09,2.061153622438558e-09,2.061153622438558e-09,2.061153622438558e-09,2.061153622438558e-09,2.061153622438558e-09,2.061153622438558e-09,0.0012205993189016062,0.0001834541569917227,0.00012815299414403736
0.0024716639490725964,2.351127282745905e-05,2.3180128139748356e-05,0.002288872081456295,0.005494021513808072,0.0007622950711100102,2.847844314311941e-05,1.3245787508427633e-06,0.0030620949272607578,2.061153622438558e-09,0.0003430658964682757,0.004373096745907383,0.0001298087175825908,4.039965190070428e-05,0.0026826031151443064,0.0001258349813300625,3.311446877106908e-07,0.00015331999041004986,0.0005149299893901242,0.0005434084325332436,0.00048479582280845136,0.00013874962415077945,0.0001546445691608926,2.061153622438558e-09,0.003310784587731487,8.27861719276727e-06,2.061153622438558e-09,2.061153622438558e-09,2.061153622438558e-09,2.061153622438558e-09,2.061153622438558e-09,2.061153622438558e-09,2.061153622438558e-09,2.061153622438558e-09,2.061153622438558e-09,2.061153622438558e-09,2.061153622438558e-09,2.061153622438558e-09,2.061153622438558e-09,2.061153622438558e-09,2.061153622438558e-09,2.061153622438558e-09,2.061153622438558e-09,2.061153622438558e-09,2.061153622438558e-09,2.061153622438558e-09,2.061153622438558e-09,2.061153622438558e-09,2.061153622438558e-09,2.061153622438558e-09,2.061153622438558e-09,2.061153622438558e-09,0.0032425687820630844,0.00045995997123014955,0.00019968024668954657
0.0026008103772797654,0.00035929198616609955,1.192120875758487e-05,2.061153622438558e-09,0.004972137485976022,4.4042243465521875e-05,3.311446877106908e-07,2.061153622438558e-09,0.0014878330818841338,2.061153622438558e-09,1.986868126264145e-06,5.331429472142122e-05,0.0004576419584161747,7.483869942261613e-05,0.0018759346558810635,0.0011354951341599588,2.061153622438558e-09,2.3180128139748356e-05,0.000635135511029105,1.9537536574930758e-05,0.0005179102915795204,2.061153622438558e-09,1.986868126264145e-06,2.061153622438558e-09,0.0007652753732994065,2.061153622438558e-09,2.061153622438558e-09,2.061153622438558e-09,2.061153622438558e-09,2.061153622438558e-09,2.061153622438558e-09,2.061153622438558e-09,2.061153622438558e-09,2.061153622438558e-09,2.061153622438558e-09,2.061153622438558e-09,2.061153622438558e-09,2.061153622438558e-09,2.061153622438558e-09,2.061153622438558e-09,2.061153622438558e-09,2.061153622438558e-09,2.061153622438558e-09,2.061153622438558e-09,2.061153622438558e-09,2.061153622438558e-09,2.061153622438558e-09,2.061153622438558e-09,2.061153622438558e-09,2.061153622438558e-09,2.061153622438558e-09,2.061153622438558e-09,0.0027908874280257023,0.0004758549162402627,0.0005397658409684261
0.0012043732292037826,4.867826909347155e-05,0.0030124232241041543,0.011444691551969186,0.004841997623705721,0.00030200395519215,0.008275636890577875,4.70225456549181e-05,0.0016487694001115296,3.9737362525282894e-05,0.0004940678740643507,0.0006967284229432934,4.569796690407533e-05,0.0006454009963481363,0.00391181219592639,3.1458745332515625e-05,8.046815911369787e-05,2.450470689059112e-05,0.002042500433799541,0.0052920232543045495,0.00031392516394973487,0.00024935194984615017,3.510133689733323e-05,2.7153864392276647e-05,0.0006841449248102872,7.285183129635198e-06,2.061153622438558e-09,2.061153622438558e-09,2.061153622438558e-09,2.061153622438558e-09,2.061153622438558e-09,2.061153622438558e-09,2.061153622438558e-09,2.061153622438558e-09,2.061153622438558e-09,2.061153622438558e-09,2.061153622438558e-09,2.061153622438558e-09,2.061153622438558e-09,2.061153622438558e-09,2.061153622438558e-09,2.061153622438558e-09,2.061153622438558e-09,2.061153622438558e-09,2.061153622438558e-09,2.061153622438558e-09,2.061153622438558e-09,2.061153622438558e-09,2.061153622438558e-09,2.061153622438558e-09,2.061153622438558e-09,2.061153622438558e-09,0.01076187120590974,0.0009980700887600221,0.0006616270860459602
0.00045664852435304263,0.0002910761804976972,0.00044108472403064014,0.0010080044293913429,0.00016524119916763472,0.005573827383546347,0.00025365683078638917,1.8212957824087996e-05,0.0007394460876579726,3.874392846215082e-05,0.0011050298228905753,0.0024180185096634643,0.003663784824831083,0.008636915744870239,0.0023683468065068608,0.001008997863454475,8.27861719276727e-06,0.006502688232574836,0.002227610314229817,0.003295551932096795,0.007772628109945335,0.0018971279158945477,0.00327899469771126,4.6691400967207405e-05,0.00023047670264664082,3.642591564817599e-05,2.061153622438558e-09,2.061153622438558e-09,2.061153622438558e-09,2.061153622438558e-09,2.061153622438558e-09,2.061153622438558e-09,2.061153622438558e-09,2.061153622438558e-09,2.061153622438558e-09,2.061153622438558e-09,2.061153622438558e-09,2.061153622438558e-09,2.061153622438558e-09,2.061153622438558e-09,2.061153622438558e-09,2.061153622438558e-09,2.061153622438558e-09,2.061153622438558e-09,2.061153622438558e-09,2.061153622438558e-09,2.061153622438558e-09,2.061153622438558e-09,2.061153622438558e-09,2.061153622438558e-09,2.061153622438558e-09,2.061153622438558e-09,0.0077898476337062905,0.000278492682364691,0.00011656293007416317
0.001407364922770436,3.642591564817599e-06,4.205537533925773e-05,6.622893754213816e-07,0.0025759745257014637,1.7550668448666614e-05,2.3180128139748357e-06,0.00013477588789825116,0.0007371280748439977,2.061153622438558e-09,5.960604378792435e-06,0.0013643161133680463,8.940906568188652e-06,2.6491575016855265e-06,0.0015159803803395425,0.0008692548052405634,2.061153622438558e-09,0.0018001025223953152,0.00035531824991357126,0.0004748614821771306,0.0003771737993024768,2.061153622438558e-09,5.298315003371053e-06,2.061153622438558e-09,0.00010894660225681728,2.061153622438558e-09,2.061153622438558e-09,2.061153622438558e-09,2.061153622438558e-09,2.061153622438558e-09,2.061153622438558e-09,2.061153622438558e-09,2.061153622438558e-09,2.061153622438558e-09,2.061153622438558e-09,2.061153622438558e-09,2.061153622438558e-09,2.061153622438558e-09,2.061153622438558e-09,2.061153622438558e-09,2.061153622438558e-09,2.061153622438558e-09,2.061153622438558e-09,2.061153622438558e-09,2.061153622438558e-09,2.061153622438558e-09,2.061153622438558e-09,2.061153622438558e-09,2.061153622438558e-09,2.061153622438558e-09,2.061153622438558e-09,2.061153622438558e-09,0.0007473935601630292,0.0001261661260177732,8.940906568188652e-05
2.061153622438558e-09,2.061153622438558e-09,2.061153622438558e-09,2.061153622438558e-09,2.061153622438558e-09,2.061153622438558e-09,2.061153622438558e-09,2.061153622438558e-09,2.061153622438558e-09,2.061153622438558e-09,2.061153622438558e-09,2.061153622438558e-09,2.061153622438558e-09,2.061153622438558e-09,2.061153622438558e-09,2.061153622438558e-09,2.061153622438558e-09,2.061153622438558e-09,2.061153622438558e-09,2.061153622438558e-09,0.0007596459136083247,2.061153622438558e-09,2.061153622438558e-09,2.061153622438558e-09,2.061153622438558e-09,2.061153622438558e-09,2.061153622438558e-09,2.061153622438558e-09,2.061153622438558e-09,2.061153622438558e-09,2.061153622438558e-09,2.061153622438558e-09,2.061153622438558e-09,2.061153622438558e-09,2.061153622438558e-09,2.061153622438558e-09,2.061153622438558e-09,2.061153622438558e-09,2.061153622438558e-09,2.061153622438558e-09,2.061153622438558e-09,2.061153622438558e-09,2.061153622438558e-09,2.061153622438558e-09,2.061153622438558e-09,2.061153622438558e-09,2.061153622438558e-09,2.061153622438558e-09,2.061153622438558e-09,2.061153622438558e-09,2.061153622438558e-09,2.061153622438558e-09,3.311446877106908e-07,3.311446877106908e-07,2.061153622438558e-09
0.0026342559907385453,7.053381848237714e-05,0.00048578925687158345,0.001441472825604637,0.011709276157450026,0.00014835282009438948,0.00046095340529328163,5.960604378792435e-05,0.004302894072112717,6.622893754213816e-07,0.00030465311269383554,0.00041691116182775975,0.0009695916456169027,0.0008477304005393685,0.0044830367822273325,0.0001798115654269051,4.304880940238981e-06,0.00162989415291202,0.0026723376298252747,0.0015212786953429135,0.0006917612526276332,0.00023345700483603702,9.172707849586135e-05,2.061153622438558e-09,0.0018911673115157553,2.7153864392276647e-05,2.061153622438558e-09,2.061153622438558e-09,2.061153622438558e-09,2.061153622438558e-09,2.061153622438558e-09,2.061153622438558e-09,2.061153622438558e-09,2.061153622438558e-09,2.061153622438558e-09,2.061153622438558e-09,2.061153622438558e-09,2.061153622438558e-09,2.061153622438558e-09,2.061153622438558e-09,2.061153622438558e-09,2.061153622438558e-09,2.061153622438558e-09,2.061153622438558e-09,2.061153622438558e-09,2.061153622438558e-09,2.061153622438558e-09,2.061153622438558e-09,2.061153622438558e-09,2.061153622438558e-09,2.061153622438558e-09,2.061153622438558e-09,0.007707392606466329,0.0009341591640318588,0.0006937481207538972
0.0027534680783143943,0.0001407364922770436,0.0007056693295114821,2.0862115325773522e-05,0.005714895020511102,9.934340631320724e-05,1.4570366259270396e-05,0.003300850247100166,0.002967718691263211,9.934340631320724e-07,0.000713285657328828,0.00039505561243885414,0.0005218840278320488,0.00014537251790499325,0.0026968423367158658,0.0010328402809696446,5.066513721973569e-05,8.27861719276727e-06,0.0032061428664149085,0.005810595835259492,0.0012609989708023107,2.450470689059112e-05,0.00021458175763652764,2.061153622438558e-09,0.00012119895570211284,1.3245787508427633e-06,2.061153622438558e-09,2.061153622438558e-09,2.061153622438558e-09,2.061153622438558e-09,2.061153622438558e-09,2.061153622438558e-09,2.061153622438558e-09,2.061153622438558e-09,2.061153622438558e-09,2.061153622438558e-09,2.061153622438558e-09,2.061153622438558e-09,2.061153622438558e-09,2.061153622438558e-09,2.061153622438558e-09,2.061153622438558e-09,2.061153622438558e-09,2.061153622438558e-09,2.061153622438558e-09,2.061153622438558e-09,2.061153622438558e-09,2.061153622438558e-09,2.061153622438558e-09,2.061153622438558e-09,2.061153622438558e-09,2.061153622438558e-09,0.01579858190598935,0.0020126974119055786,0.0011321836872828519
0.0024756376853251245,4.967170315660362e-06,0.00020994573200857798,9.934340631320724e-07,0.006045377418846372,6.12617672264778e-05,2.9803021893962173e-06,0.022799974038256485,0.004577081873537168,2.061153622438558e-09,3.311446877106908e-06,0.0009927717737566511,9.073364443272928e-05,5.8612609724792276e-05,0.007727592432416681,1.3576932196138324e-05,2.061153622438558e-09,0.0018540791064921578,0.001264972707054839,0.00145240060029909,0.0009626376071749782,2.3180128139748357e-06,0.000360947709604653,3.311446877106908e-07,0.0010351582937836194,4.536682221636464e-05,2.061153622438558e-09,2.061153622438558e-09,2.061153622438558e-09,2.061153622438558e-09,2.061153622438558e-09,2.061153622438558e-09,2.061153622438558e-09,2.061153622438558e-09,2.061153622438558e-09,2.061153622438558e-09,2.061153622438558e-09,2.061153622438558e-09,2.061153622438558e-09,2.061153622438558e-09,2.061153622438558e-09,2.061153622438558e-09,2.061153622438558e-09,2.061153622438558e-09,2.061153622438558e-09,2.061153622438558e-09,2.061153622438558e-09,2.061153622438558e-09,2.061153622438558e-09,2.061153622438558e-09,2.061153622438558e-09,2.061153622438558e-09,0.015922098874505436,0.0010679416178669778,0.0008175962339576956
0.00043810442184124393,0.0002990236530027538,0.0006778531757437841,0.00046691400967207404,0.0006252011703977842,0.00010927774694452796,0.0010755579456843238,3.642591564817599e-06,0.000579503203493709,3.311446877106908e-07,3.0134166581672864e-05,0.0020706477322549495,0.00045234364341280363,0.002850162327125916,4.900941378118224e-05,0.0009179330743340349,3.311446877106908e-07,0.002643196897306734,0.0029074503580998655,0.003622060594179536,2.061153622438558e-09,2.2517838764326977e-05,6.622893754213816e-07,1.4239221571559705e-05,6.622893754213816e-06,2.4173562202880428e-05,2.061153622438558e-09,2.061153622438558e-09,2.061153622438558e-09,2.061153622438558e-09,2.061153622438558e-09,2.061153622438558e-09,2.061153622438558e-09,2.061153622438558e-09,2.061153622438558e-09,2.061153622438558e-09,2.061153622438558e-09,2.061153622438558e-09,2.061153622438558e-09,2.061153622438558e-09,2.061153622438558e-09,2.061153622438558e-09,2.061153622438558e-09,2.061153622438558e-09,2.061153622438558e-09,2.061153622438558e-09,2.061153622438558e-09,2.061153622438558e-09,2.061153622438558e-09,2.061153622438558e-09,2.061153622438558e-09,2.061153622438558e-09,0.0009782014074973806,0.00010232370850260346,6.225520128960988e-05
0.0004675762990474954,2.061153622438558e-09,2.061153622438558e-09,2.061153622438558e-09,0.0047694769370970795,2.061153622438558e-09,9.934340631320724e-07,2.061153622438558e-09,0.0014494202981096937,2.061153622438558e-09,2.6491575016855265e-06,6.589779285442747e-05,2.061153622438558e-09,0.0001761689738620875,0.0004649271415458099,2.061153622438558e-09,2.061153622438558e-09,2.781615376769803e-05,8.64287634924903e-05,6.622893754213816e-07,6.622893754213816e-06,3.311446877106908e-07,3.311446877106908e-07,2.061153622438558e-09,2.6160430329144575e-05,2.061153622438558e-09,2.061153622438558e-09,2.061153622438558e-09,2.061153622438558e-09,2.061153622438558e-09,2.061153622438558e-09,2.061153622438558e-09,2.061153622438558e-09,2.061153622438558e-09,2.061153622438558e-09,2.061153622438558e-09,2.061153622438558e-09,2.061153622438558e-09,2.061153622438558e-09,2.061153622438558e-09,2.061153622438558e-09,2.061153622438558e-09,2.061153622438558e-09,2.061153622438558e-09,2.061153622438558e-09,2.061153622438558e-09,2.061153622438558e-09,2.061153622438558e-09,2.061153622438558e-09,2.061153622438558e-09,2.061153622438558e-09,2.061153622438558e-09,0.0004990350443800111,0.0001870967485565403,9.106478912043998e-05
0.003993273789103221,1.986868126264145e-06,5.298315003371053e-06,0.00012153010038982353,0.002331920890858685,1.4570366259270396e-05,2.061153622438558e-09,0.003388272444655788,0.003228991849866946,2.061153622438558e-09,2.0862115325773522e-05,6.556664816671678e-05,6.622893754213816e-07,0.0007354723514054443,0.0014954494097014798,3.311446877106908e-07,2.061153622438558e-09,0.00017120180354642715,0.0002410733326533829,2.3180128139748357e-06,5.629459691081744e-06,2.061153622438558e-09,5.629459691081744e-06,2.061153622438558e-09,1.2914642820716941e-05,2.061153622438558e-09,2.061153622438558e-09,2.061153622438558e-09,2.061153622438558e-09,2.061153622438558e-09,2.061153622438558e-09,2.061153622438558e-09,2.061153622438558e-09,2.061153622438558e-09,2.061153622438558e-09,2.061153622438558e-09,2.061153622438558e-09,2.061153622438558e-09,2.061153622438558e-09,2.061153622438558e-09,2.061153622438558e-09,2.061153622438558e-09,2.061153622438558e-09,2.061153622438558e-09,2.061153622438558e-09,2.061153622438558e-09,2.061153622438558e-09,2.061153622438558e-09,2.061153622438558e-09,2.061153622438558e-09,2.061153622438558e-09,2.061153622438558e-09,0.002016671148158107,0.00032220378114250215,0.00017716240792521959
0.0001115957597585028,2.061153622438558e-09,0.00019868681262641448,2.061153622438558e-09,8.940906568188652e-05,2.061153622438558e-09,2.061153622438558e-09,1.9537536574930758e-05,9.305165724670412e-05,2.061153622438558e-09,2.061153622438558e-09,6.622893754213816e-07,2.061153622438558e-09,2.061153622438558e-09,1.655723438553454e-06,0.00044836990716027534,1.3245787508427633e-06,2.061153622438558e-09,2.061153622438558e-09,0.00015596914791173537,5.629459691081744e-06,2.061153622438558e-09,2.061153622438558e-09,2.061153622438558e-09,1.3245787508427633e-06,2.061153622438558e-09,2.061153622438558e-09,2.061153622438558e-09,2.061153622438558e-09,2.061153622438558e-09,2.061153622438558e-09,2.061153622438558e-09,2.061153622438558e-09,2.061153622438558e-09,2.061153622438558e-09,2.061153622438558e-09,2.061153622438558e-09,2.061153622438558e-09,2.061153622438558e-09,2.061153622438558e-09,2.061153622438558e-09,2.061153622438558e-09,2.061153622438558e-09,2.061153622438558e-09,2.061153622438558e-09,2.061153622438558e-09,2.061153622438558e-09,2.061153622438558e-09,2.061153622438558e-09,2.061153622438558e-09,2.061153622438558e-09,2.061153622438558e-09,5.828146503708158e-05,1.192120875758487e-05,6.291749066503125e-06
0.00037750494399018753,4.934055846889293e-05,5.530116284768537e-05,3.311446877106908e-06,0.0006973907123187149,3.24521793956477e-05,2.9803021893962173e-06,3.97373625252829e-06,0.00035598053928899263,2.061153622438558e-09,1.192120875758487e-05,6.689122691755954e-05,5.4970018159974674e-05,1.3908076883849015e-05,0.0017325490061023342,1.7219523760955924e-05,2.061153622438558e-09,2.7485009079987337e-05,0.0004288323705853446,0.0002629288820422885,1.655723438553454e-05,3.311446877106908e-07,2.6822719704565955e-05,2.061153622438558e-09,2.061153622438558e-09,3.311446877106908e-06,2.061153622438558e-09,2.061153622438558e-09,2.061153622438558e-09,2.061153622438558e-09,2.061153622438558e-09,2.061153622438558e-09,2.061153622438558e-09,2.061153622438558e-09,2.061153622438558e-09,2.061153622438558e-09,2.061153622438558e-09,2.061153622438558e-09,2.061153622438558e-09,2.061153622438558e-09,2.061153622438558e-09,2.061153622438558e-09,2.061153622438558e-09,2.061153622438558e-09,2.061153622438558e-09,2.061153622438558e-09,2.061153622438558e-09,2.061153622438558e-09,2.061153622438558e-09,2.061153622438558e-09,2.061153622438558e-09,2.061153622438558e-09,0.007772628109945335,0.0010384697406607263,0.00071427909139196
2.51669962660125e-05,2.061153622438558e-09,2.061153622438558e-09,6.622893754213816e-06,0.0002414044773410936,2.061153622438558e-09,2.061153622438558e-09,3.4770192209622534e-05,7.980586973827649e-05,2.061153622438558e-09,1.3245787508427633e-06,1.4570366259270396e-05,2.0862115325773522e-05,2.061153622438558e-09,0.0002086211532577352,2.061153622438558e-09,2.061153622438558e-09,2.061153622438558e-09,6.622893754213816e-07,2.061153622438558e-09,8.27861719276727e-06,2.061153622438558e-09,2.061153622438558e-09,2.061153622438558e-09,4.636025627949671e-06,1.556380032240247e-05,2.061153622438558e-09,2.061153622438558e-09,2.061153622438558e-09,2.061153622438558e-09,2.061153622438558e-09,2.061153622438558e-09,2.061153622438558e-09,2.061153622438558e-09,2.061153622438558e-09,2.061153622438558e-09,2.061153622438558e-09,2.061153622438558e-09,2.061153622438558e-09,2.061153622438558e-09,2.061153622438558e-09,2.061153622438558e-09,2.061153622438558e-09,2.061153622438558e-09,2.061153622438558e-09,2.061153622438558e-09,2.061153622438558e-09,2.061153622438558e-09,2.061153622438558e-09,2.061153622438558e-09,2.061153622438558e-09,2.061153622438558e-09,2.351127282745905e-05,1.0265485319031415e-05,4.636025627949671e-06
3.311446877106908e-07,1.1590064069874178e-05,4.636025627949671e-06,9.603195943610034e-06,2.061153622438558e-09,7.351412067177336e-05,1.655723438553454e-05,5.8612609724792276e-05,9.934340631320724e-07,2.061153622438558e-09,1.655723438553454e-06,0.00022385380889242698,1.8544102511798686e-05,0.0009755522499956951,2.061153622438558e-09,8.940906568188652e-06,2.061153622438558e-09,6.556664816671678e-05,8.808448693104375e-05,0.00010563515537971037,8.709105286791168e-05,3.311446877106908e-07,2.3180128139748357e-06,3.311446877106908e-07,6.622893754213816e-07,6.622893754213816e-07,2.061153622438558e-09,1.3245787508427633e-06,2.6491575016855265e-06,6.622893754213816e-07,2.061153622438558e-09,6.622893754213816e-07,2.3180128139748357e-06,2.061153622438558e-09,3.311446877106908e-07,2.061153622438558e-09,3.311446877106908e-07,1.986868126264145e-06,1.3245787508427633e-06,4.636025627949671e-06,2.061153622438558e-09,0.00024306020077964705,2.061153622438558e-09,4.304880940238981e-06,1.3245787508427633e-06,1.986868126264145e-06,2.061153622438558e-09,3.311446877106908e-07,2.061153622438558e-09,2.061153622438558e-09,2.061153622438558e-09,2.061153622438558e-09,0.00014007420290162222,2.061153622438558e-09,1.3245787508427633e-06
0.00015398227978547123,2.061153622438558e-09,2.061153622438558e-09,2.061153622438558e-09,0.0002129260341979742,2.061153622438558e-09,2.061153622438558e-09,2.061153622438558e-09,2.5829285641433883e-05,2.061153622438558e-09,2.061153622438558e-09,4.967170315660362e-06,2.061153622438558e-09,2.061153622438558e-09,0.00032717095145816253,2.061153622438558e-09,2.061153622438558e-09,3.808163908672944e-05,2.061153622438558e-09,2.061153622438558e-09,0.00038777042930921893,2.061153622438558e-09,9.934340631320724e-07,2.061153622438558e-09,1.688837907324523e-05,2.061153622438558e-09,2.061153622438558e-09,2.061153622438558e-09,3.311446877106908e-07,2.061153622438558e-09,2.3180128139748357e-06,2.061153622438558e-09,2.061153622438558e-09,2.061153622438558e-09,1.3245787508427633e-06,2.061153622438558e-09,2.061153622438558e-09,3.311446877106908e-07,2.061153622438558e-09,2.061153622438558e-09,1.0596630006742106e-05,2.061153622438558e-09,2.061153622438558e-09,6.622893754213816e-07,2.061153622438558e-09,2.061153622438558e-09,9.934340631320724e-07,2.061153622438558e-09,2.061153622438558e-09,2.061153622438558e-09,2.061153622438558e-09,2.061153622438558e-09,9.934340631320724e-07,3.311446877106908e-07,1.3245787508427633e-06
6.258634597732056e-05,2.061153622438558e-09,2.061153622438558e-09,2.061153622438558e-09,5.298315003371053e-06,2.061153622438558e-09,2.061153622438558e-09,5.0002847844314314e-05,2.6491575016855265e-06,2.061153622438558e-09,2.061153622438558e-09,1.4570366259270396e-05,2.061153622438558e-09,2.061153622438558e-09,0.000283790997368062,2.061153622438558e-09,2.061153622438558e-09,1.3908076883849015e-05,2.061153622438558e-09,2.061153622438558e-09,2.9803021893962173e-06,2.061153622438558e-09,2.061153622438558e-09,2.061153622438558e-09,4.967170315660362e-06,1.655723438553454e-06,2.061153622438558e-09,2.061153622438558e-09,2.061153622438558e-09,2.061153622438558e-09,3.642591564817599e-06,2.061153622438558e-09,2.061153622438558e-09,0.00024306020077964705,9.934340631320724e-07,2.061153622438558e-09,2.061153622438558e-09,9.934340631320724e-07,2.061153622438558e-09,2.061153622438558e-09,2.3180128139748357e-06,2.061153622438558e-09,2.061153622438558e-09,2.061153622438558e-09,2.061153622438558e-09,3.311446877106908e-06,2.061153622438558e-09,2.061153622438558e-09,2.061153622438558e-09,2.061153622438558e-09,2.061153622438558e-09,2.061153622438558e-09,3.311446877106908e-07,3.311446877106908e-07,6.622893754213816e-07
4.900941378118224e-05,2.061153622438558e-09,2.061153622438558e-09,2.061153622438558e-09,0.00019968024668954657,2.061153622438558e-09,2.061153622438558e-09,2.061153622438558e-09,3.112760064480494e-05,2.061153622438558e-09,2.061153622438558e-09,2.061153622438558e-09,4.3379954090100496e-05,2.3180128139748357e-06,0.00012153010038982353,2.061153622438558e-09,2.061153622438558e-09,4.636025627949671e-05,2.061153622438558e-09,2.061153622438558e-09,4.867826909347155e-05,3.311446877106908e-07,2.061153622438558e-09,2.061153622438558e-09,2.061153622438558e-09,2.061153622438558e-09,1.3245787508427633e-06,2.061153622438558e-09,2.061153622438558e-09,2.061153622438558e-09,1.655723438553454e-06,2.061153622438558e-09,2.061153622438558e-09,2.061153622438558e-09,2.3180128139748357e-06,2.061153622438558e-09,2.061153622438558e-09,2.061153622438558e-09,2.061153622438558e-09,2.061153622438558e-09,3.311446877106908e-07,2.061153622438558e-09,2.061153622438558e-09,2.061153622438558e-09,2.061153622438558e-09,2.061153622438558e-09,2.061153622438558e-09,2.061153622438558e-09,2.061153622438558e-09,2.061153622438558e-09,2.061153622438558e-09,2.061153622438558e-09,4.636025627949671e-06,6.622893754213816e-07,6.622893754213816e-07
1.0927774694452797e-05,2.061153622438558e-09,1.655723438553454e-06,3.311446877106908e-07,2.061153622438558e-09,9.934340631320724e-07,2.3180128139748357e-06,1.8544102511798686e-05,3.642591564817599e-06,2.061153622438558e-09,9.934340631320724e-07,8.609761880477962e-06,0.00024007989859025085,2.914073251854079e-05,2.061153622438558e-09,6.622893754213816e-07,6.622893754213816e-07,1.622608969782385e-05,1.986868126264145e-06,1.655723438553454e-06,2.351127282745905e-05,7.185839723321991e-05,2.061153622438558e-09,8.609761880477962e-06,1.986868126264145e-06,2.061153622438558e-09,2.3180128139748357e-06,1.655723438553454e-06,2.6491575016855265e-06,1.986868126264145e-06,3.642591564817599e-06,6.622893754213816e-07,3.311446877106908e-07,2.061153622438558e-09,9.934340631320724e-07,2.061153622438558e-09,2.061153622438558e-09,1.3245787508427633e-06,1.655723438553454e-06,9.272051255899343e-06,9.934340631320724e-07,1.986868126264145e-06,3.311446877106908e-07,0.0002453782135936219,2.3180128139748357e-06,2.061153622438558e-09,3.311446877106908e-07,1.655723438553454e-06,2.061153622438558e-09,6.622893754213816e-07,2.061153622438558e-09,2.061153622438558e-09,8.609761880477962e-06,3.311446877106908e-07,7.616327817345888e-06
3.178989002022632e-05,2.061153622438558e-09,2.061153622438558e-09,2.061153622438558e-09,1.4901510946981087e-05,2.061153622438558e-09,2.061153622438558e-09,2.061153622438558e-09,3.4107902834201155e-05,2.061153622438558e-09,2.061153622438558e-09,2.9803021893962173e-06,2.061153622438558e-09,2.061153622438558e-09,8.64287634924903e-05,2.061153622438558e-09,2.061153622438558e-09,0.0004467141837217219,2.061153622438558e-09,2.061153622438558e-09,1.3245787508427633e-06,2.061153622438558e-09,2.061153622438558e-09,2.061153622438558e-09,2.061153622438558e-09,2.061153622438558e-09,2.061153622438558e-09,2.061153622438558e-09,2.061153622438558e-09,2.061153622438558e-09,2.061153622438558e-09,3.311446877106908e-07,2.061153622438558e-09,2.061153622438558e-09,2.3180128139748357e-06,2.061153622438558e-09,2.061153622438558e-09,2.061153622438558e-09,2.061153622438558e-09,2.061153622438558e-09,2.9803021893962173e-06,2.061153622438558e-09,2.061153622438558e-09,2.061153622438558e-09,2.061153622438558e-09,6.622893754213816e-07,9.934340631320724e-07,2.061153622438558e-09,2.061153622438558e-09,2.061153622438558e-09,2.061153622438558e-09,2.061153622438558e-09,4.636025627949671e-06,3.311446877106908e-07,3.311446877106908e-06
1.1590064069874178e-05,2.061153622438558e-09,2.061153622438558e-09,2.061153622438558e-09,0.00011060232569537073,2.061153622438558e-09,2.061153622438558e-09,3.311446877106908e-07,8.940906568188652e-06,2.061153622438558e-09,2.061153622438558e-09,5.298315003371053e-06,2.061153622438558e-09,2.061153622438558e-09,0.0001768312632375089,2.061153622438558e-09,2.061153622438558e-09,3.708820502359737e-05,2.061153622438558e-09,2.061153622438558e-09,6.291749066503125e-05,2.061153622438558e-09,3.311446877106908e-07,2.061153622438558e-09,2.061153622438558e-09,3.311446877106908e-07,2.061153622438558e-09,2.061153622438558e-09,2.061153622438558e-09,2.061153622438558e-09,1.655723438553454e-06,2.061153622438558e-09,2.061153622438558e-09,9.934340631320724e-07,3.311446877106908e-07,2.061153622438558e-09,2.061153622438558e-09,6.622893754213816e-07,2.061153622438558e-09,2.061153622438558e-09,2.061153622438558e-09,2.061153622438558e-09,2.061153622438558e-09,1.3245787508427633e-06,2.061153622438558e-09,2.061153622438558e-09,2.6491575016855265e-06,2.061153622438558e-09,2.061153622438558e-09,2.061153622438558e-09,2.061153622438558e-09,2.061153622438558e-09,1.986868126264145e-06,2.061153622438558e-09,3.311446877106908e-07
0.00010066798506405,2.061153622438558e-09,2.061153622438558e-09,2.061153622438558e-09,0.000703682461385218,2.061153622438558e-09,2.061153622438558e-09,2.061153622438558e-09,0.00017782469730064096,2.061153622438558e-09,2.061153622438558e-09,2.061153622438558e-09,3.311446877106908e-06,2.061153622438558e-09,0.00013245787508427633,2.061153622438558e-09,2.061153622438558e-09,2.061153622438558e-09,2.061153622438558e-09,2.061153622438558e-09,2.4173562202880428e-05,2.061153622438558e-09,2.061153622438558e-09,2.061153622438558e-09,2.061153622438558e-09,2.061153622438558e-09,0.00024405363484277914,2.061153622438558e-09,2.061153622438558e-09,2.061153622438558e-09,1.655723438553454e-06,2.061153622438558e-09,2.061153622438558e-09,2.061153622438558e-09,2.6491575016855265e-06,2.061153622438558e-09,2.061153622438558e-09,2.061153622438558e-09,2.061153622438558e-09,2.061153622438558e-09,3.311446877106908e-07,2.061153622438558e-09,2.061153622438558e-09,6.622893754213816e-07,2.061153622438558e-09,9.934340631320724e-07,2.061153622438558e-09,2.061153622438558e-09,2.061153622438558e-09,2.061153622438558e-09,2.061153622438558e-09,2.061153622438558e-09,1.655723438553454e-06,2.061153622438558e-09,2.061153622438558e-09
2.061153622438558e-09,1.986868126264145e-06,9.934340631320724e-07,1.986868126264145e-06,2.061153622438558e-09,0.00010000569568862863,3.97373625252829e-06,2.061153622438558e-09,2.061153622438558e-09,2.061153622438558e-09,2.061153622438558e-09,4.073079658841497e-05,8.609761880477962e-06,0.00019703108918786103,4.304880940238981e-06,3.311446877106908e-07,2.061153622438558e-09,9.934340631320724e-07,4.2386520026968424e-05,0.0003145874533251563,2.061153622438558e-09,2.7485009079987337e-05,2.061153622438558e-09,2.061153622438558e-09,2.061153622438558e-09,2.061153622438558e-09,9.934340631320724e-07,1.3245787508427633e-06,1.3245787508427633e-06,6.622893754213816e-07,1.986868126264145e-06,9.934340631320724e-07,1.3245787508427633e-06,2.061153622438558e-09,0.00015232655634691777,2.061153622438558e-09,2.061153622438558e-09,2.6491575016855265e-06,1.655723438553454e-06,4.636025627949671e-06,9.934340631320724e-07,2.061153622438558e-09,2.061153622438558e-09,2.3180128139748357e-06,2.9803021893962173e-06,3.642591564817599e-06,2.061153622438558e-09,2.847844314311941e-05,2.061153622438558e-09,2.2517838764326977e-05,2.061153622438558e-09,2.061153622438558e-09,0.00127027102205821,1.258349813300625e-05,1.1258919382163488e-05
6.291749066503125e-06,2.061153622438558e-09,2.061153622438558e-09,2.061153622438558e-09,1.3245787508427633e-05,2.061153622438558e-09,2.061153622438558e-09,2.061153622438558e-09,2.061153622438558e-09,2.061153622438558e-09,2.061153622438558e-09,2.061153622438558e-09,2.061153622438558e-09,2.061153622438558e-09,1.192120875758487e-05,2.061153622438558e-09,2.061153622438558e-09,2.061153622438558e-09,2.061153622438558e-09,2.061153622438558e-09,6.88780950438237e-05,2.061153622438558e-09,2.061153622438558e-09,2.061153622438558e-09,2.061153622438558e-09,2.061153622438558e-09,2.061153622438558e-09,2.061153622438558e-09,2.061153622438558e-09,2.061153622438558e-09,1.3245787508427633e-06,2.061153622438558e-09,2.061153622438558e-09,2.061153622438558e-09,2.061153622438558e-09,2.061153622438558e-09,2.061153622438558e-09,2.061153622438558e-09,2.061153622438558e-09,2.061153622438558e-09,2.061153622438558e-09,2.061153622438558e-09,2.061153622438558e-09,2.061153622438558e-09,2.061153622438558e-09,2.061153622438558e-09,3.311446877106908e-07,2.061153622438558e-09,2.061153622438558e-09,2.061153622438558e-09,2.061153622438558e-09,2.061153622438558e-09,2.061153622438558e-09,2.061153622438558e-09,2.061153622438558e-09
5.8612609724792276e-05,2.061153622438558e-09,2.061153622438558e-09,2.061153622438558e-09,3.642591564817599e-06,2.061153622438558e-09,2.061153622438558e-09,2.6491575016855265e-06,3.4770192209622534e-05,2.061153622438558e-09,2.061153622438558e-09,1.986868126264145e-06,2.061153622438558e-09,6.622893754213816e-06,2.847844314311941e-05,2.061153622438558e-09,2.061153622438558e-09,2.3180128139748356e-05,2.061153622438558e-09,2.061153622438558e-09,0.00021524404701194904,2.061153622438558e-09,3.311446877106908e-07,2.061153622438558e-09,2.061153622438558e-09,2.061153622438558e-09,2.061153622438558e-09,2.061153622438558e-09,2.061153622438558e-09,2.061153622438558e-09,2.061153622438558e-09,2.061153622438558e-09,2.061153622438558e-09,2.061153622438558e-09,3.311446877106908e-07,2.061153622438558e-09,2.061153622438558e-09,2.061153622438558e-09,2.061153622438558e-09,2.061153622438558e-09,3.311446877106908e-07,2.061153622438558e-09,2.061153622438558e-09,2.061153622438558e-09,2.061153622438558e-09,2.061153622438558e-09,2.061153622438558e-09,2.061153622438558e-09,2.061153622438558e-09,2.061153622438558e-09,2.061153622438558e-09,2.061153622438558e-09,1.0927774694452797e-05,3.311446877106908e-07,2.061153622438558e-09
4.039965190070428e-05,2.061153622438558e-09,2.061153622438558e-09,2.061153622438558e-09,5.331429472142122e-05,2.061153622438558e-09,2.061153622438558e-09,2.061153622438558e-09,5.0002847844314314e-05,2.061153622438558e-09,2.061153622438558e-09,2.061153622438558e-09,2.061153622438558e-09,2.061153622438558e-09,6.12617672264778e-05,2.061153622438558e-09,2.061153622438558e-09,2.061153622438558e-09,2.061153622438558e-09,2.061153622438558e-09,3.642591564817599e-06,6.622893754213816e-07,2.061153622438558e-09,2.061153622438558e-09,1.3245787508427633e-06,2.061153622438558e-09,1.3245787508427633e-06,2.061153622438558e-09,2.061153622438558e-09,2.061153622438558e-09,2.6491575016855265e-06,6.622893754213816e-07,2.061153622438558e-09,2.061153622438558e-09,4.304880940238981e-06,2.061153622438558e-09,2.061153622438558e-09,9.934340631320724e-07,2.061153622438558e-09,2.061153622438558e-09,1.3245787508427633e-06,2.061153622438558e-09,2.061153622438558e-09,2.061153622438558e-09,2.061153622438558e-09,2.061153622438558e-09,3.311446877106908e-07,6.622893754213816e-07,2.061153622438558e-09,2.061153622438558e-09,2.061153622438558e-09,2.061153622438558e-09,1.655723438553454e-06,6.622893754213816e-07,2.061153622438558e-09
0.000461615694668703,2.061153622438558e-09,2.061153622438558e-09,2.061153622438558e-09,2.6491575016855265e-05,2.061153622438558e-09,2.061153622438558e-09,2.061153622438558e-09,0.0001079531681936852,2.061153622438558e-09,2.061153622438558e-09,3.311446877106908e-07,3.311446877106908e-07,2.061153622438558e-09,0.00032220378114250215,2.061153622438558e-09,2.061153622438558e-09,3.642591564817599e-06,2.061153622438558e-09,2.061153622438558e-09,2.6491575016855265e-05,2.061153622438558e-09,2.061153622438558e-09,2.061153622438558e-09,4.801597971805017e-05,2.061153622438558e-09,2.3180128139748357e-06,2.061153622438558e-09,2.061153622438558e-09,2.061153622438558e-09,1.655723438553454e-06,2.061153622438558e-09,2.061153622438558e-09,2.061153622438558e-09,9.934340631320724e-07,2.061153622438558e-09,2.061153622438558e-09,2.061153622438558e-09,2.061153622438558e-09,3.311446877106908e-07,9.934340631320724e-07,3.311446877106908e-07,2.061153622438558e-09,2.061153622438558e-09,2.061153622438558e-09,2.061153622438558e-09,3.311446877106908e-07,2.061153622438558e-09,2.061153622438558e-09,2.061153622438558e-09,2.061153622438558e-09,2.061153622438558e-09,2.061153622438558e-09,2.061153622438558e-09,4.304880940238981e-06
0.0006162602638295956,2.061153622438558e-09,2.061153622438558e-09,2.061153622438558e-09,6.357978004045264e-05,2.061153622438558e-09,2.061153622438558e-09,2.061153622438558e-09,0.00022981441327121942,2.061153622438558e-09,2.061153622438558e-09,2.061153622438558e-09,2.061153622438558e-09,2.061153622438558e-09,0.00024604050296904325,2.061153622438558e-09,2.061153622438558e-09,2.061153622438558e-09,2.061153622438558e-09,2.061153622438558e-09,2.6491575016855265e-06,2.061153622438558e-09,2.061153622438558e-09,2.061153622438558e-09,2.061153622438558e-09,2.061153622438558e-09,1.3245787508427633e-06,1.3245787508427633e-06,1.655723438553454e-06,4.636025627949671e-06,2.9803021893962173e-06,2.061153622438558e-09,6.622893754213816e-07,3.311446877106908e-07,1.3245787508427633e-06,2.061153622438558e-09,2.061153622438558e-09,2.061153622438558e-09,2.061153622438558e-09,2.061153622438558e-09,1.655723438553454e-06,2.061153622438558e-09,2.061153622438558e-09,2.061153622438558e-09,1.655723438553454e-06,4.304880940238981e-06,2.061153622438558e-09,2.061153622438558e-09,2.061153622438558e-09,2.061153622438558e-09,1.3245787508427633e-06,2.061153622438558e-09,6.622893754213816e-07,3.311446877106908e-07,3.311446877106908e-06
2.061153622438558e-09,3.311446877106908e-06,1.3908076883849015e-05,1.986868126264145e-06,3.311446877106908e-07,2.450470689059112e-05,2.061153622438558e-09,0.0001009991297517607,2.061153622438558e-09,2.061153622438558e-09,6.622893754213816e-07,1.9537536574930758e-05,2.061153622438558e-09,0.00022517838764326976,3.97373625252829e-06,1.986868126264145e-06,2.061153622438558e-09,3.24521793956477e-05,4.304880940238981e-06,1.8212957824087996e-05,2.0862115325773522e-05,9.934340631320724e-07,1.655723438553454e-06,2.061153622438558e-09,2.061153622438558e-09,9.934340631320724e-07,2.061153622438558e-09,3.311446877106908e-07,6.622893754213816e-07,2.061153622438558e-09,2.061153622438558e-09,3.642591564817599e-06,1.3245787508427633e-06,2.061153622438558e-09,2.061153622438558e-09,1.3245787508427633e-06,1.0596630006742106e-05,9.934340631320724e-07,2.061153622438558e-09,5.298315003371053e-06,1.0596630006742106e-05,2.061153622438558e-09,2.061153622438558e-09,3.97373625252829e-06,1.655723438553454e-06,1.3245787508427633e-06,4.304880940238981e-06,6.622893754213816e-07,9.934340631320724e-07,2.061153622438558e-09,2.061153622438558e-09,2.061153622438558e-09,1.2914642820716941e-05,1.655723438553454e-06,9.934340631320724e-07
5.1658571282867765e-05,2.061153622438558e-09,2.061153622438558e-09,2.061153622438558e-09,0.00013543817727367253,1.556380032240247e-05,2.061153622438558e-09,2.3180128139748357e-06,0.0006530173241654823,2.061153622438558e-09,2.061153622438558e-09,3.24521793956477e-05,2.061153622438558e-09,2.061153622438558e-09,5.331429472142122e-05,2.061153622438558e-09,2.061153622438558e-09,0.0007980586973827649,2.061153622438558e-09,6.622893754213816e-07,7.616327817345888e-06,2.061153622438558e-09,9.934340631320724e-07,2.061153622438558e-09,6.622893754213816e-07,2.061153622438558e-09,3.311446877106908e-07,2.061153622438558e-09,2.061153622438558e-09,2.061153622438558e-09,9.934340631320724e-07,2.061153622438558e-09,6.622893754213816e-07,3.311446877106908e-07,1.3245787508427633e-06,2.061153622438558e-09,2.061153622438558e-09,9.934340631320724e-07,2.061153622438558e-09,2.061153622438558e-09,1.655723438553454e-06,2.061153622438558e-09,2.061153622438558e-09,2.9803021893962173e-06,2.061153622438558e-09,0.000242066766716515,6.622893754213816e-07,2.061153622438558e-09,2.061153622438558e-09,2.061153622438558e-09,2.061153622438558e-09,2.061153622438558e-09,2.061153622438558e-09,2.061153622438558e-09,3.311446877106908e-07
2.061153622438558e-09,2.061153622438558e-09,2.061153622438558e-09,2.061153622438558e-09,2.061153622438558e-09,2.061153622438558e-09,2.061153622438558e-09,2.061153622438558e-09,2.061153622438558e-09,2.061153622438558e-09,2.061153622438558e-09,2.061153622438558e-09,2.061153622438558e-09,2.061153622438558e-09,2.061153622438558e-09,2.061153622438558e-09,2.061153622438558e-09,2.061153622438558e-09,2.061153622438558e-09,2.061153622438558e-09,1.1258919382163488e-05,2.061153622438558e-09,2.061153622438558e-09,2.061153622438558e-09,2.061153622438558e-09,2.061153622438558e-09,2.061153622438558e-09,2.061153622438558e-09,2.061153622438558e-09,2.061153622438558e-09,2.061153622438558e-09,2.061153622438558e-09,2.061153622438558e-09,2.061153622438558e-09,2.061153622438558e-09,2.061153622438558e-09,2.061153622438558e-09,2.061153622438558e-09,2.061153622438558e-09,2.061153622438558e-09,2.061153622438558e-09,2.061153622438558e-09,2.061153622438558e-09,2.061153622438558e-09,2.061153622438558e-09,2.061153622438558e-09,3.311446877106908e-07,2.061153622438558e-09,2.061153622438558e-09,2.061153622438558e-09,2.061153622438558e-09,2.061153622438558e-09,2.061153622438558e-09,2.061153622438558e-09,2.061153622438558e-09
2.450470689059112e-05,2.061153622438558e-09,2.061153622438558e-09,2.061153622438558e-09,4.801597971805017e-05,2.061153622438558e-09,2.061153622438558e-09,1.0265485319031415e-05,4.304880940238981e-06,2.061153622438558e-09,2.061153622438558e-09,2.061153622438558e-09,2.061153622438558e-09,2.061153622438558e-09,0.00038081639086729444,2.061153622438558e-09,2.061153622438558e-09,2.061153622438558e-09,2.061153622438558e-09,2.061153622438558e-09,0.0002665714736071061,2.061153622438558e-09,2.061153622438558e-09,2.061153622438558e-09,8.27861719276727e-06,2.061153622438558e-09,3.311446877106908e-06,2.061153622438558e-09,3.311446877106908e-07,2.061153622438558e-09,4.967170315660362e-06,2.061153622438558e-09,1.3245787508427633e-06,2.061153622438558e-09,1.986868126264145e-06,2.061153622438558e-09,6.622893754213816e-07,2.061153622438558e-09,2.061153622438558e-09,2.061153622438558e-09,1.986868126264145e-06,3.311446877106908e-07,2.061153622438558e-09,1.3245787508427633e-06,9.934340631320724e-07,1.986868126264145e-06,2.061153622438558e-09,2.061153622438558e-09,2.061153622438558e-09,2.061153622438558e-09,6.622893754213816e-07,2.061153622438558e-09,0.00024703393703217534,3.311446877106908e-07,2.061153622438558e-09
2.4173562202880428e-05,2.061153622438558e-09,3.0134166581672864e-05,2.061153622438558e-09,9.007135505730791e-05,2.061153622438558e-09,2.061153622438558e-09,0.00028942045705914376,3.4770192209622534e-05,2.061153622438558e-09,2.061153622438558e-09,2.6491575016855265e-06,3.642591564817599e-05,2.061153622438558e-09,0.00013378245383511908,3.9737362525282894e-05,5.298315003371053e-06,2.061153622438558e-09,2.061153622438558e-09,6.920923973153438e-05,4.536682221636464e-05,1.655723438553454e-06,6.9540384419245075e-06,2.061153622438558e-09,1.986868126264145e-06,2.061153622438558e-09,2.061153622438558e-09,2.061153622438558e-09,1.655723438553454e-06,2.061153622438558e-09,3.97373625252829e-06,2.061153622438558e-09,2.061153622438558e-09,2.061153622438558e-09,1.3245787508427633e-06,2.061153622438558e-09,2.061153622438558e-09,2.061153622438558e-09,2.061153622438558e-09,2.061153622438558e-09,2.061153622438558e-09,2.061153622438558e-09,2.061153622438558e-09,2.061153622438558e-09,9.934340631320724e-07,2.6491575016855265e-06,3.311446877106908e-07,2.061153622438558e-09,2.061153622438558e-09,2.061153622438558e-09,2.061153622438558e-09,2.061153622438558e-09,4.304880940238981e-06,2.061153622438558e-09,3.97373625252829e-06
3.212103470793701e-05,2.061153622438558e-09,2.061153622438558e-09,2.061153622438558e-09,3.708820502359737e-05,2.061153622438558e-09,2.061153622438558e-09,0.0016186352335298567,2.384241751516974e-05,2.061153622438558e-09,2.061153622438558e-09,2.061153622438558e-09,2.061153622438558e-09,2.061153622438558e-09,0.00012550383664235181,6.622893754213816e-07,2.061153622438558e-09,1.589494501011316e-05,2.6491575016855265e-05,2.061153622438558e-09,1.8875247199509375e-05,3.311446877106908e-06,2.2848983452037667e-05,2.061153622438558e-09,3.311446877106908e-07,2.061153622438558e-09,1.655723438553454e-06,2.061153622438558e-09,2.061153622438558e-09,2.061153622438558e-09,0.00024736508171988605,3.311446877106908e-07,2.061153622438558e-09,6.291749066503125e-06,2.9803021893962173e-06,2.061153622438558e-09,2.061153622438558e-09,2.061153622438558e-09,2.061153622438558e-09,3.311446877106908e-07,1.655723438553454e-06,2.061153622438558e-09,2.061153622438558e-09,1.655723438553454e-06,6.622893754213816e-07,2.061153622438558e-09,3.311446877106908e-07,2.061153622438558e-09,1.3245787508427633e-06,2.061153622438558e-09,1.986868126264145e-06,2.061153622438558e-09,6.291749066503125e-06,9.934340631320724e-07,3.311446877106908e-07
2.061153622438558e-09,2.061153622438558e-09,2.061153622438558e-09,2.061153622438558e-09,2.061153622438558e-09,2.061153622438558e-09,9.934340631320724e-07,1.0265485319031415e-05,2.061153622438558e-09,2.061153622438558e-09,1.655723438553454e-06,5.298315003371053e-06,2.061153622438558e-09,5.0333992532025e-05,2.061153622438558e-09,9.934340631320724e-07,2.061153622438558e-09,1.655723438553454e-06,1.986868126264145e-06,1.986868126264145e-06,2.061153622438558e-09,3.97373625252829e-06,2.061153622438558e-09,2.061153622438558e-09,2.061153622438558e-09,2.061153622438558e-09,3.311446877106908e-07,2.061153622438558e-09,3.311446877106908e-07,3.311446877106908e-07,1.655723438553454e-06,2.061153622438558e-09,2.061153622438558e-09,2.061153622438558e-09,2.061153622438558e-09,2.061153622438558e-09,2.061153622438558e-09,9.934340631320724e-07,2.061153622438558e-09,1.3245787508427633e-06,2.061153622438558e-09,2.061153622438558e-09,2.061153622438558e-09,2.3180128139748357e-06,3.311446877106908e-07,3.311446877106908e-06,2.061153622438558e-09,2.061153622438558e-09,2.061153622438558e-09,2.061153622438558e-09,2.061153622438558e-09,3.311446877106908e-07,1.655723438553454e-06,2.061153622438558e-09,1.3245787508427633e-06
9.238936787128274e-05,2.061153622438558e-09,2.061153622438558e-09,2.061153622438558e-09,2.7485009079987337e-05,2.061153622438558e-09,2.061153622438558e-09,2.061153622438558e-09,4.039965190070428e-05,2.061153622438558e-09,2.061153622438558e-09,5.298315003371053e-06,2.061153622438558e-09,2.061153622438558e-09,2.053097063806283e-05,2.061153622438558e-09,2.061153622438558e-09,9.934340631320724e-07,2.061153622438558e-09,2.061153622438558e-09,2.061153622438558e-09,2.061153622438558e-09,2.061153622438558e-09,2.061153622438558e-09,8.609761880477962e-06,2.061153622438558e-09,2.061153622438558e-09,2.061153622438558e-09,2.061153622438558e-09,2.061153622438558e-09,3.97373625252829e-06,2.061153622438558e-09,2.061153622438558e-09,2.061153622438558e-09,7.152725254550921e-05,2.061153622438558e-09,2.061153622438558e-09,2.061153622438558e-09,2.061153622438558e-09,2.061153622438558e-09,2.061153622438558e-09,2.061153622438558e-09,2.061153622438558e-09,2.061153622438558e-09,2.061153622438558e-09,2.061153622438558e-09,2.061153622438558e-09,2.061153622438558e-09,2.061153622438558e-09,2.061153622438558e-09,2.061153622438558e-09,2.061153622438558e-09,1.655723438553454e-06,6.622893754213816e-07,1.3245787508427633e-06
3.24521793956477e-05,2.061153622438558e-09,2.061153622438558e-09,2.061153622438558e-09,0.00023643730702543325,2.061153622438558e-09,2.061153622438558e-09,0.0005609591009819102,8.841563161875445e-05,2.061153622438558e-09,2.061153622438558e-09,3.311446877106908e-07,2.061153622438558e-09,2.061153622438558e-09,2.51669962660125e-05,2.061153622438558e-09,2.061153622438558e-09,3.642591564817599e-06,2.061153622438558e-09,2.061153622438558e-09,6.622893754213816e-07,2.061153622438558e-09,2.061153622438558e-09,2.061153622438558e-09,2.061153622438558e-09,2.061153622438558e-09,2.3180128139748357e-06,2.061153622438558e-09,2.061153622438558e-09,2.061153622438558e-09,6.622893754213816e-07,2.061153622438558e-09,2.061153622438558e-09,2.061153622438558e-09,6.622893754213816e-07,2.061153622438558e-09,2.061153622438558e-09,2.061153622438558e-09,2.061153622438558e-09,3.311446877106908e-07,9.934340631320724e-07,2.061153622438558e-09,2.061153622438558e-09,2.061153622438558e-09,2.061153622438558e-09,2.061153622438558e-09,2.061153622438558e-09,2.061153622438558e-09,2.061153622438558e-09,2.061153622438558e-09,2.061153622438558e-09,2.061153622438558e-09,2.061153622438558e-09,3.311446877106908e-07,2.061153622438558e-09
2.061153622438558e-09,2.061153622438558e-09,2.061153622438558e-09,2.061153622438558e-09,2.061153622438558e-09,2.061153622438558e-09,2.061153622438558e-09,2.061153622438558e-09,2.061153622438558e-09,2.061153622438558e-09,2.061153622438558e-09,2.061153622438558e-09,2.061153622438558e-09,2.061153622438558e-09,2.061153622438558e-09,2.061153622438558e-09,2.061153622438558e-09,2.061153622438558e-09,2.061153622438558e-09,2.061153622438558e-09,2.061153622438558e-09,2.061153622438558e-09,2.061153622438558e-09,2.061153622438558e-09,2.061153622438558e-09,2.061153622438558e-09,2.061153622438558e-09,2.061153622438558e-09,3.311446877106908e-07,2.061153622438558e-09,2.061153622438558e-09,2.061153622438558e-09,2.061153622438558e-09,2.061153622438558e-09,7.682556754888027e-05,2.061153622438558e-09,2.061153622438558e-09,2.061153622438558e-09,2.061153622438558e-09,2.061153622438558e-09,2.061153622438558e-09,3.311446877106908e-07,2.061153622438558e-09,2.061153622438558e-09,2.061153622438558e-09,2.061153622438558e-09,2.061153622438558e-09,5.1658571282867765e-05,2.061153622438558e-09,5.232086065828915e-05,2.061153622438558e-09,2.061153622438558e-09,2.061153622438558e-09,3.311446877106908e-07,2.061153622438558e-09
8.940906568188652e-06,2.061153622438558e-09,2.061153622438558e-09,2.061153622438558e-09,0.00015033968822065363,2.061153622438558e-09,2.061153622438558e-09,2.061153622438558e-09,2.061153622438558e-09,2.061153622438558e-09,2.061153622438558e-09,2.061153622438558e-09,2.061153622438558e-09,2.061153622438558e-09,0.00024703393703217534,2.061153622438558e-09,2.061153622438558e-09,2.061153622438558e-09,2.061153622438558e-09,2.061153622438558e-09,9.934340631320724e-07,2.061153622438558e-09,2.061153622438558e-09,2.061153622438558e-09,2.061153622438558e-09,2.061153622438558e-09,2.061153622438558e-09,2.061153622438558e-09,2.061153622438558e-09,2.061153622438558e-09,2.061153622438558e-09,2.061153622438558e-09,2.061153622438558e-09,2.061153622438558e-09,2.061153622438558e-09,2.061153622438558e-09,2.061153622438558e-09,2.061153622438558e-09,2.061153622438558e-09,2.061153622438558e-09,1.986868126264145e-06,2.061153622438558e-09,2.061153622438558e-09,2.061153622438558e-09,2.061153622438558e-09,3.311446877106908e-07,2.061153622438558e-09,2.061153622438558e-09,2.061153622438558e-09,2.061153622438558e-09,2.061153622438558e-09,2.061153622438558e-09,2.3180128139748357e-06,6.622893754213816e-07,2.061153622438558e-09
7.616327817345888e-06,2.061153622438558e-09,2.061153622438558e-09,2.3180128139748357e-06,2.061153622438558e-09,2.061153622438558e-09,2.061153622438558e-09,1.622608969782385e-05,3.311446877106908e-07,2.061153622438558e-09,2.061153622438558e-09,2.061153622438558e-09,2.061153622438558e-09,5.629459691081744e-06,2.061153622438558e-09,2.061153622438558e-09,2.061153622438558e-09,2.061153622438558e-09,2.061153622438558e-09,2.061153622438558e-09,3.311446877106908e-07,2.061153622438558e-09,3.311446877106908e-07,2.061153622438558e-09,2.061153622438558e-09,2.061153622438558e-09,2.061153622438558e-09,2.061153622438558e-09,2.061153622438558e-09,2.061153622438558e-09,2.061153622438558e-09,2.061153622438558e-09,2.061153622438558e-09,2.061153622438558e-09,2.061153622438558e-09,2.061153622438558e-09,2.061153622438558e-09,2.061153622438558e-09,2.061153622438558e-09,2.061153622438558e-09,3.311446877106908e-07,2.061153622438558e-09,2.061153622438558e-09,2.061153622438558e-09,2.061153622438558e-09,2.061153622438558e-09,2.061153622438558e-09,2.061153622438558e-09,2.061153622438558e-09,2.061153622438558e-09,2.061153622438558e-09,2.061153622438558e-09,2.061153622438558e-09,2.061153622438558e-09,2.061153622438558e-09
0.019675623909706116,0.0065811695235622695,0.005751983225534699,0.004609202908245106,0.003078321016958582,0.005927489910021366,0.0025912071813361556,0.014291542432217995,0.007412342689716103,0.0004119439915120994,0.0008811760139981482,0.003838298075254617,0.004974786643477708,0.003577024916650882,0.010131702865196296,0.003908500749049284,0.00041658001714004904,0.003882340318720139,0.011508933621385059,0.025264683948887156,0.0016325433104137058,0.0009520409771682361,0.011577811716428884,1.3245787508427633e-06,0.001710362312025718,1.4570366259270396e-05,0.001294775728948801,0.0008530287155427396,0.00044836990716027534,0.00046923202248604887,0.0003635968671063385,0.0005036710700079607,0.00032915781958442665,0.0008318354555292553,0.0016444645191712906,7.384526535948406e-05,0.00031226944051118146,0.00014636595196812534,0.0008752154096193558,0.0008298485874029912,0.000274187801424452,0.001521940984718335,4.636025627949671e-06,0.000621227434145256,0.0007109676445148532,0.0011848356926288518,4.437338815323257e-05,0.00023709959640085462,0.00042320291089426287,0.00014669709665583603,0.00016093631822739575,2.7153864392276647e-05,0.0007401083770333939,2.061153622438558e-09,6.291749066503125e-06
2.061153622438558e-09,2.061153622438558e-09,2.061153622438558e-09,2.061153622438558e-09,2.061153622438558e-09,2.061153622438558e-09,2.061153622438558e-09,2.061153622438558e-09,2.061153622438558e-09,2.061153622438558e-09,2.061153622438558e-09,2.061153622438558e-09,2.061153622438558e-09,2.061153622438558e-09,2.061153622438558e-09,2.061153622438558e-09,2.061153622438558e-09,2.061153622438558e-09,2.061153622438558e-09,2.061153622438558e-09,2.061153622438558e-09,2.061153622438558e-09,2.061153622438558e-09,2.061153622438558e-09,2.061153622438558e-09,2.061153622438558e-09,2.061153622438558e-09,2.061153622438558e-09,2.061153622438558e-09,2.061153622438558e-09,2.061153622438558e-09,2.061153622438558e-09,2.061153622438558e-09,2.061153622438558e-09,2.061153622438558e-09,2.061153622438558e-09,2.061153622438558e-09,2.061153622438558e-09,2.061153622438558e-09,2.061153622438558e-09,2.061153622438558e-09,2.061153622438558e-09,2.061153622438558e-09,2.061153622438558e-09,2.061153622438558e-09,2.061153622438558e-09,2.061153622438558e-09,2.061153622438558e-09,2.061153622438558e-09,2.061153622438558e-09,2.061153622438558e-09,2.061153622438558e-09,0.011386078942244393,2.061153622438558e-09,3.311446877106908e-07
9.934340631320724e-07,2.061153622438558e-09,2.061153622438558e-09,2.061153622438558e-09,2.061153622438558e-09,2.061153622438558e-09,1.655723438553454e-06,2.061153622438558e-09,2.061153622438558e-09,2.061153622438558e-09,2.061153622438558e-09,3.311446877106908e-07,2.061153622438558e-09,3.311446877106908e-07,4.304880940238981e-06,3.311446877106908e-07,2.061153622438558e-09,2.061153622438558e-09,2.061153622438558e-09,6.622893754213816e-07,2.061153622438558e-09,2.061153622438558e-09,2.061153622438558e-09,2.061153622438558e-09,2.061153622438558e-09,3.311446877106908e-07,3.311446877106908e-07,3.311446877106908e-07,6.622893754213816e-07,3.311446877106908e-07,7.285183129635198e-06,3.311446877106908e-06,2.061153622438558e-09,2.061153622438558e-09,2.061153622438558e-09,2.061153622438558e-09,2.061153622438558e-09,2.061153622438558e-09,2.061153622438558e-09,6.622893754213816e-07,3.311446877106908e-07,2.061153622438558e-09,2.061153622438558e-09,2.061153622438558e-09,1.655723438553454e-06,2.061153622438558e-09,3.311446877106908e-07,2.061153622438558e-09,2.061153622438558e-09,2.061153622438558e-09,2.061153622438558e-09,2.061153622438558e-09,0.00494730163439772,2.9803021893962173e-06,0.001321598448653367
